<?xml version="1.0" encoding="UTF-8" ?>
<!DOCTYPE mapper
PUBLIC "-//mybatis.org//DTD Mapper 3.0//EN"
"http://mybatis.org/dtd/mybatis-3-mapper.dtd">
<mapper namespace="com.jiuchang.system.mapper.BrewBatchMaterialMapper">
    
    <resultMap type="BrewBatchMaterial" id="BrewBatchMaterialResult">
        <result property="recordId"    column="record_id"    />
        <result property="batchNo"    column="batch_no"    />
        <result property="materialId"    column="material_id"    />
        <result property="materialBatchNo"    column="material_batch_no"    />
        <result property="plannedQuantity"    column="planned_quantity"    />
        <result property="actualQuantity"    column="actual_quantity"    />
        <result property="materialCost"    column="material_cost"    />
        <result property="useTime"    column="use_time"    />
        <result property="operatorName"    column="operator_name"    />
        <result property="createBy"    column="create_by"    />
        <result property="createTime"    column="create_time"    />
        <result property="updateBy"    column="update_by"    />
        <result property="updateTime"    column="update_time"    />
        <result property="delFlag"    column="del_flag"    />
    </resultMap>

    <sql id="selectBrewBatchMaterialVo">
        select record_id, batch_no, material_id, material_batch_no, planned_quantity, actual_quantity, material_cost, use_time, operator_name, create_by, create_time, update_by, update_time, del_flag from brew_batch_material
    </sql>

    <select id="selectBrewBatchMaterialList" parameterType="BrewBatchMaterial" resultMap="BrewBatchMaterialResult">
        <include refid="selectBrewBatchMaterialVo"/>
        <where>  
            <if test="batchNo != null  and batchNo != ''"> and batch_no = #{batchNo}</if>
            <if test="materialId != null "> and material_id = #{materialId}</if>
            <if test="materialBatchNo != null  and materialBatchNo != ''"> and material_batch_no = #{materialBatchNo}</if>
            <if test="plannedQuantity != null "> and planned_quantity = #{plannedQuantity}</if>
            <if test="actualQuantity != null "> and actual_quantity = #{actualQuantity}</if>
            <if test="materialCost != null "> and material_cost = #{materialCost}</if>
            <if test="useTime != null "> and use_time = #{useTime}</if>
            <if test="operatorName != null  and operatorName != ''"> and operator_name like concat('%', #{operatorName}, '%')</if>
        </where>
    </select>
    
    <select id="selectBrewBatchMaterialByRecordId" parameterType="Long" resultMap="BrewBatchMaterialResult">
        <include refid="selectBrewBatchMaterialVo"/>
        where record_id = #{recordId}
    </select>

    <insert id="insertBrewBatchMaterial" parameterType="BrewBatchMaterial" useGeneratedKeys="true" keyProperty="recordId">
        insert into brew_batch_material
        <trim prefix="(" suffix=")" suffixOverrides=",">
            <if test="batchNo != null and batchNo != ''">batch_no,</if>
            <if test="materialId != null">material_id,</if>
            <if test="materialBatchNo != null">material_batch_no,</if>
            <if test="plannedQuantity != null">planned_quantity,</if>
            <if test="actualQuantity != null">actual_quantity,</if>
            <if test="materialCost != null">material_cost,</if>
            <if test="useTime != null">use_time,</if>
            <if test="operatorName != null">operator_name,</if>
            <if test="createBy != null">create_by,</if>
            <if test="createTime != null">create_time,</if>
            <if test="updateBy != null">update_by,</if>
            <if test="updateTime != null">update_time,</if>
            <if test="delFlag != null">del_flag,</if>
         </trim>
        <trim prefix="values (" suffix=")" suffixOverrides=",">
            <if test="batchNo != null and batchNo != ''">#{batchNo},</if>
            <if test="materialId != null">#{materialId},</if>
            <if test="materialBatchNo != null">#{materialBatchNo},</if>
            <if test="plannedQuantity != null">#{plannedQuantity},</if>
            <if test="actualQuantity != null">#{actualQuantity},</if>
            <if test="materialCost != null">#{materialCost},</if>
            <if test="useTime != null">#{useTime},</if>
            <if test="operatorName != null">#{operatorName},</if>
            <if test="createBy != null">#{createBy},</if>
            <if test="createTime != null">#{createTime},</if>
            <if test="updateBy != null">#{updateBy},</if>
            <if test="updateTime != null">#{updateTime},</if>
            <if test="delFlag != null">#{delFlag},</if>
         </trim>
    </insert>

    <update id="updateBrewBatchMaterial" parameterType="BrewBatchMaterial">
        update brew_batch_material
        <trim prefix="SET" suffixOverrides=",">
            <if test="batchNo != null and batchNo != ''">batch_no = #{batchNo},</if>
            <if test="materialId != null">material_id = #{materialId},</if>
            <if test="materialBatchNo != null">material_batch_no = #{materialBatchNo},</if>
            <if test="plannedQuantity != null">planned_quantity = #{plannedQuantity},</if>
            <if test="actualQuantity != null">actual_quantity = #{actualQuantity},</if>
            <if test="materialCost != null">material_cost = #{materialCost},</if>
            <if test="useTime != null">use_time = #{useTime},</if>
            <if test="operatorName != null">operator_name = #{operatorName},</if>
            <if test="createBy != null">create_by = #{createBy},</if>
            <if test="createTime != null">create_time = #{createTime},</if>
            <if test="updateBy != null">update_by = #{updateBy},</if>
            <if test="updateTime != null">update_time = #{updateTime},</if>
            <if test="delFlag != null">del_flag = #{delFlag},</if>
        </trim>
        where record_id = #{recordId}
    </update>

    <delete id="deleteBrewBatchMaterialByRecordId" parameterType="Long">
        delete from brew_batch_material where record_id = #{recordId}
    </delete>

    <delete id="deleteBrewBatchMaterialByRecordIds" parameterType="String">
        delete from brew_batch_material where record_id in 
        <foreach item="recordId" collection="array" open="(" separator="," close=")">
            #{recordId}
        </foreach>
    </delete>
</mapper>